WC,wc
VL,vl
WB,wb
WA,wa
WO,wo
WN,wn
VM,vm
WM,wm
GW,gw
GV,gv
GU,gu
GT,gt
GS,gs
GR,gr
GQ,gq
GP,gp
WK,wk
GZ,gz
GY,gy
GX,gx
GG,gg
GF,gf
GE,ge
GD,gd
GC,gc
GB,gb
GA,ga
GO,go
GN,gn
GM,gm
GL,gl
GK,gk
GJ,gj
GI,gi
GH,gh
WW,ww
WV,wv
WU,wu
WT,wt
VO,vo
WS,ws
WR,wr
WQ,wq
WP,wp
WZ,wz
WY,wy
WX,wx
ZL,zl
ZM,zm
ZN,zn
ZO,zo
ZH,zh
ZI,zi
ZJ,zj
ZK,zk
ZD,zd
ZE,ze
ZF,zf
ZG,zg
ZA,za
ZB,zb
ZC,zc
ZX,zx
ZY,zy
ZZ,zz
ZT,zt
ZU,zu
ZV,zv
ZW,zw
ZP,zp
ZQ,zq
ZR,zr
ZS,zs
ME,me
MD,md
MG,mg
MF,mf
MA,ma
MC,mc
MB,mb
MM,mm
ML,ml
MO,mo
MN,mn
MI,mi
MH,mh
MK,mk
MJ,mj
MU,mu
MT,mt
MW,mw
MV,mv
MQ,mq
MP,mp
MS,ms
MR,mr
MY,my
MX,mx
MZ,mz
FP,fp
FQ,fq
FR,fr
FS,fs
FT,ft
FU,fu
FV,fv
FW,fw
FX,fx
FY,fy
FZ,fz
FA,fa
FB,fb
FC,fc
FD,fd
FE,fe
FF,ff
FG,fg
FH,fh
FI,fi
FJ,fj
FK,fk
FL,fl
FM,fm
FN,fn
FO,fo
WI,wi
SZ,sz
SY,sy
SX,sx
SS,ss
SR,sr
SQ,sq
SP,sp
SW,sw
SV,sv
SU,su
ST,st
SK,sk
SJ,sj
SI,si
SH,sh
SO,so
SN,sn
SM,sm
SL,sl
SC,sc
SB,sb
SA,sa
SG,sg
SF,sf
SE,se
SD,sd
YI,yi
YH,yh
YK,yk
YJ,yj
YM,ym
YL,yl
YO,yo
YN,yn
YA,ya
YC,yc
YB,yb
YE,ye
YD,yd
YG,yg
YF,yf
YY,yy
YX,yx
YZ,yz
YQ,yq
YP,yp
YS,ys
YR,yr
YU,yu
YT,yt
YW,yw
YV,yv
LF,lf
LG,lg
LD,ld
LE,le
LB,lb
LC,lc
LA,la
LN,ln
LO,lo
LL,ll
LM,lm
LJ,lj
LK,lk
LH,lh
LI,li
LV,lv
LW,lw
LT,lt
LU,lu
LR,lr
LS,ls
LP,lp
LQ,lq
LZ,lz
LX,lx
LY,ly
RT,rt
RU,ru
RV,rv
RW,rw
RP,rp
RQ,rq
RR,rr
RS,rs
RX,rx
RY,ry
RZ,rz
RD,rd
RE,re
RF,rf
RG,rg
RA,ra
RB,rb
RC,rc
RL,rl
RM,rm
RN,rn
RO,ro
RH,rh
RI,ri
RJ,rj
RK,rk
VA,va
VC,vc
VH,vh
VI,vi
VJ,vj
EM,em
EL,el
EO,eo
EN,en
EI,ei
EH,eh
EK,ek
EJ,ej
EE,ee
ED,ed
EG,eg
EF,ef
EA,ea
EC,ec
EB,eb
EY,ey
EX,ex
EZ,ez
EU,eu
ET,et
EW,ew
EV,ev
EQ,eq
EP,ep
ES,es
ER,er
VP,vp
VQ,vq
VR,vr
VS,vs
VT,vt
VU,vu
VV,vv
VW,vw
VX,vx
VZ,vz
XJ,xj
XK,xk
XH,xh
XI,xi
XN,xn
XO,xo
XL,xl
XM,xm
XB,xb
XC,xc
XA,xa
XF,xf
XG,xg
XD,xd
XE,xe
XZ,xz
XX,xx
XY,xy
XR,xr
XS,xs
XP,xp
XQ,xq
XV,xv
XW,xw
XT,xt
XU,xu
KC,kc
KB,kb
KA,ka
KG,kg
KF,kf
KE,ke
KD,kd
KK,kk
KJ,kj
KI,ki
KH,kh
KO,ko
KN,kn
KM,km
KL,kl
KS,ks
KR,kr
KQ,kq
KP,kp
KW,kw
KV,kv
KU,ku
KT,kt
KZ,kz
KY,ky
KX,kx
DN,dn
DO,do
DL,dl
DM,dm
DJ,dj
DK,dk
DH,dh
DI,di
DF,df
DG,dg
DD,dd
DE,de
DB,db
DC,dc
DA,da
DZ,dz
DX,dx
DY,dy
DV,dv
DW,dw
DT,dt
DU,du
DR,dr
DS,ds
DP,dp
DQ,dq
WL,wl
QQ,qq
QP,qp
QS,qs
QR,qr
QU,qu
QT,qt
QW,qw
QV,qv
QY,qy
QX,qx
QZ,qz
WJ,wj
QA,qa
QC,qc
QB,qb
QE,qe
QD,qd
QG,qg
QF,qf
QI,qi
QH,qh
QK,qk
QJ,qj
QM,qm
QL,ql
QO,qo
QN,qn
WG,wg
WF,wf
WE,we
WD,wd
JX,jx
JY,jy
JZ,jz
JT,jt
JU,ju
JV,jv
JW,jw
JP,jp
JQ,jq
JR,jr
JS,js
JL,jl
JM,jm
JN,jn
JO,jo
JH,jh
JI,ji
JJ,jj
JK,jk
JD,jd
JE,je
JF,jf
JG,jg
JA,ja
JB,jb
JC,jc
WH,wh
PR,pr
PS,ps
PP,pp
PQ,pq
PV,pv
PW,pw
PT,pt
PU,pu
PZ,pz
PX,px
PY,py
PB,pb
PC,pc
PA,pa
PF,pf
PG,pg
PD,pd
PE,pe
PJ,pj
PK,pk
PH,ph
PI,pi
PN,pn
PO,po
PL,pl
PM,pm
CK,ck
CJ,cj
CI,ci
CH,ch
CO,co
CN,cn
CM,cm
CL,cl
CC,cc
CB,cb
CA,ca
CG,cg
CF,cf
CE,ce
CD,cd
CZ,cz
CY,cy
CX,cx
CS,cs
CR,cr
CQ,cq
CP,cp
CW,cw
CV,cv
CU,cu
CT,ct
IY,iy
IX,ix
VB,vb
IZ,iz
VD,vd
VE,ve
VF,vf
VG,vg
IQ,iq
IP,ip
IS,is
IR,ir
IU,iu
IT,it
IW,iw
IV,iv
II,ii
IH,ih
IK,ik
IJ,ij
IM,im
IL,il
IO,io
IN,in
IA,ia
VY,vy
IC,ic
IB,ib
IE,ie
ID,id
IG,ig
IF,if
BD,bd
BE,be
BF,bf
BG,bg
BA,ba
BB,bb
BC,bc
BL,bl
BM,bm
BN,bn
BO,bo
BH,bh
BI,bi
BJ,bj
BK,bk
BT,bt
BU,bu
BV,bv
BW,bw
BP,bp
BQ,bq
BR,br
BS,bs
BX,bx
BY,by
BZ,bz
OO,oo
ON,on
OM,om
OL,ol
OK,ok
OJ,oj
OI,oi
OH,oh
OG,og
OF,of
OE,oe
OD,od
OC,oc
OB,ob
OA,oa
OZ,oz
OY,oy
OX,ox
OW,ow
OV,ov
OU,ou
OT,ot
OS,os
OR,or
OQ,oq
OP,op
HZ,hz
HX,hx
HY,hy
HR,hr
HS,hs
HP,hp
HQ,hq
HV,hv
HW,hw
HT,ht
HU,hu
HJ,hj
HK,hk
HH,hh
HI,hi
HN,hn
HO,ho
HL,hl
HM,hm
HB,hb
HC,hc
HA,ha
HF,hf
HG,hg
HD,hd
HE,he
UY,uy
UX,ux
UZ,uz
UU,uu
UT,ut
UW,uw
UV,uv
UQ,uq
UP,up
US,us
UR,ur
UM,um
UL,ul
UO,uo
UN,un
UI,ui
UH,uh
UK,uk
UJ,uj
UE,ue
UD,ud
UG,ug
UF,uf
UA,ua
UC,uc
UB,ub
NH,nh
NI,ni
NJ,nj
NK,nk
NL,nl
NM,nm
NN,nn
NO,no
NA,na
NB,nb
NC,nc
ND,nd
NE,ne
NF,nf
NG,ng
NX,nx
NY,ny
NZ,nz
NP,np
NQ,nq
NR,nr
NS,ns
NT,nt
NU,nu
NV,nv
NW,nw
VN,vn
TZ,tz
TX,tx
TY,ty
TV,tv
TW,tw
TT,tt
TU,tu
TR,tr
TS,ts
TP,tp
TQ,tq
TN,tn
TO,to
TL,tl
TM,tm
TJ,tj
TK,tk
TH,th
TI,ti
TF,tf
TG,tg
TD,td
TE,te
TB,tb
TC,tc
TA,ta
AA,aa
AC,ac
AB,ab
AE,ae
AD,ad
AG,ag
AF,af
AI,ai
AH,ah
AK,ak
AJ,aj
AM,am
AL,al
AO,ao
AN,an
AQ,aq
AP,ap
AS,as
AR,ar
AU,au
AT,at
AW,aw
AV,av
AY,ay
AX,ax
AZ,az
VK,vk
