PUT,KN,kn
GET,OE
GET,KE
GET,YS
GET,QS
GET,UH
PUT,SZ,sz
GET,SK
GET,OC
GET,DB
GET,QF
GET,GH
GET,PA
GET,WH
PUT,UK,uk
PUT,VS,vs
PUT,CT,ct
GET,KF
PUT,OA,oa
PUT,PI,pi
GET,OI
PUT,NN,nn
GET,GX
GET,UP
GET,NR
PUT,VN,vn
GET,RH
GET,ZI
PUT,ZZ,zz
PUT,XP,xp
GET,BD
GET,XZ
GET,XN
GET,VX
GET,FE
GET,IB
PUT,BE,be
GET,UO
PUT,UF,uf
PUT,HY,hy
PUT,KU,ku
PUT,YA,ya
GET,HB
GET,AG
PUT,MR,mr
GET,PD
PUT,RG,rg
PUT,HT,ht
PUT,VQ,vq
GET,BM
PUT,BW,bw
GET,XV
PUT,YO,yo
GET,XP
GET,UK
PUT,UO,uo
PUT,GC,gc
PUT,GN,gn
PUT,NX,nx
PUT,IC,ic
PUT,QR,qr
GET,WP
PUT,KE,ke
PUT,CQ,cq
PUT,PV,pv
PUT,PC,pc
PUT,IN,in
PUT,PS,ps
PUT,AK,ak
GET,BJ
PUT,MT,mt
GET,CJ
GET,TJ
GET,ML
GET,ZN
PUT,EQ,eq
PUT,BE,be
PUT,KA,ka
GET,SO
GET,JM
GET,GE
GET,AR
PUT,XE,xe
GET,GR
PUT,JM,jm
GET,KZ
GET,HC
GET,GV
GET,QX
PUT,RU,ru
PUT,XP,xp
PUT,BL,bl
PUT,RG,rg
GET,WS
GET,WX
PUT,ZQ,zq
PUT,DN,dn
PUT,UF,uf
PUT,HP,hp
GET,NY
PUT,XV,xv
PUT,MF,mf
GET,GN
PUT,KO,ko
PUT,XX,xx
GET,UU
PUT,IV,iv
GET,PV
GET,II
GET,VQ
PUT,YR,yr
GET,PA
PUT,CL,cl
GET,AG
GET,UE
GET,UP
PUT,VK,vk
PUT,HL,hl
GET,LF
GET,EP
PUT,GP,gp
GET,LC
PUT,YB,yb
GET,FQ
GET,VT
PUT,PT,pt
PUT,JE,je
PUT,AA,aa
GET,NC
GET,XE
PUT,ZO,zo
GET,VY
GET,HS
PUT,NF,nf
GET,LV
PUT,WN,wn
GET,TU
GET,QU
GET,MT
GET,DN
PUT,ZS,zs
PUT,YH,yh
PUT,DG,dg
GET,ER
PUT,KN,kn
GET,YC
GET,SB
PUT,FA,fa
GET,DC
PUT,OO,oo
GET,GP
PUT,GE,ge
PUT,LC,lc
GET,XW
PUT,RK,rk
GET,HX
GET,BQ
PUT,WS,ws
GET,YO
PUT,NL,nl
PUT,RD,rd
PUT,RC,rc
GET,VK
GET,XV
GET,EN
GET,XP
GET,OK
GET,PH
GET,QB
PUT,CF,cf
PUT,SI,si
GET,RO
PUT,BK,bk
PUT,AQ,aq
GET,LA
GET,GT
PUT,HI,hi
PUT,GP,gp
GET,FC
GET,AA
PUT,QB,qb
GET,IA
GET,KH
GET,KA
PUT,PT,pt
PUT,WY,wy
GET,UW
PUT,YU,yu
GET,XV
PUT,NA,na
GET,UX
GET,SV
PUT,YG,yg
GET,IC
PUT,NA,na
GET,SU
PUT,QI,qi
GET,WR
GET,HO
GET,YH
PUT,AG,ag
GET,CA
PUT,UN,un
GET,QM
PUT,RY,ry
GET,CI
PUT,CX,cx
PUT,QT,qt
GET,NB
GET,FU
PUT,CJ,cj
PUT,NE,ne
PUT,LH,lh
PUT,EE,ee
PUT,VC,vc
GET,AN
PUT,AT,at
GET,QR
GET,DJ
PUT,EU,eu
PUT,HZ,hz
PUT,EE,ee
PUT,KD,kd
GET,JX
GET,TL
PUT,NL,nl
PUT,IJ,ij
PUT,XY,xy
GET,QI
PUT,DE,de
PUT,OQ,oq
GET,BZ
GET,EE
GET,FT
GET,HI
PUT,GG,gg
GET,RB
GET,HO
PUT,TL,tl
GET,OG
GET,SG
GET,JS
GET,PV
PUT,PY,py
PUT,JX,jx
GET,GS
GET,QL
PUT,MH,mh
PUT,HY,hy
GET,WT
PUT,IN,in
GET,KO
PUT,DD,dd
GET,DC
GET,BD
GET,UF
GET,WV
GET,LM
GET,HY
PUT,IA,ia
GET,KF
PUT,PC,pc
PUT,QX,qx
GET,WI
PUT,JE,je
GET,WU
PUT,CW,cw
GET,PN
PUT,GZ,gz
PUT,SK,sk
GET,JX
GET,NG
PUT,AF,af
PUT,JQ,jq
GET,PJ
GET,YQ
GET,BP
PUT,TW,tw
PUT,RG,rg
GET,EK
PUT,DC,dc
PUT,IV,iv
PUT,JQ,jq
GET,WB
PUT,WI,wi
GET,LN
GET,BK
PUT,BZ,bz
GET,NW
PUT,QO,qo
GET,MV
PUT,BV,bv
PUT,KI,ki
GET,GU
PUT,BV,bv
PUT,ZV,zv
PUT,BK,bk
PUT,FG,fg
PUT,QE,qe
GET,QJ
PUT,ON,on
PUT,EO,eo
GET,GO
GET,BW
GET,XY
PUT,MV,mv
GET,QI
GET,ZP
GET,PA
GET,CB
GET,JP
PUT,IP,ip
PUT,WS,ws
PUT,AU,au
GET,AB
PUT,NU,nu
PUT,JJ,jj
PUT,NZ,nz
PUT,BR,br
GET,WA
PUT,KB,kb
PUT,LC,lc
PUT,WH,wh
PUT,BT,bt
GET,YC
PUT,GJ,gj
GET,OE
PUT,GI,gi
PUT,CA,ca
GET,ML
GET,LM
PUT,RL,rl
PUT,QA,qa
GET,ZB
GET,FV
GET,WU
GET,BD
GET,GC
GET,TB
GET,EW
PUT,EG,eg
GET,NH
PUT,ZA,za
GET,ZA
GET,KV
GET,VK
GET,AH
PUT,PW,pw
GET,WK
PUT,AC,ac
GET,ZD
PUT,VX,vx
GET,BL
PUT,MB,mb
GET,AL
GET,CG
PUT,SH,sh
GET,LJ
GET,ZN
GET,GE
PUT,BQ,bq
GET,BN
GET,UM
PUT,UQ,uq
GET,LX
GET,LV
GET,AU
GET,HS
PUT,VD,vd
PUT,WR,wr
GET,BJ
GET,RT
GET,AO
GET,AI
GET,RS
PUT,RU,ru
PUT,ED,ed
GET,JE
GET,UW
PUT,BL,bl
PUT,YJ,yj
GET,WI
PUT,LH,lh
PUT,JI,ji
PUT,AU,au
PUT,SM,sm
GET,KA
GET,NC
GET,RZ
GET,WL
GET,FT
PUT,NV,nv
PUT,HX,hx
GET,MD
PUT,CI,ci
GET,AI
PUT,WW,ww
PUT,BN,bn
PUT,PU,pu
PUT,VJ,vj
GET,AO
PUT,JZ,jz
GET,HB
PUT,JQ,jq
PUT,PI,pi
GET,FR
GET,PH
GET,SC
PUT,WQ,wq
GET,SJ
GET,GW
GET,AX
PUT,XP,xp
PUT,XD,xd
PUT,KT,kt
GET,GG
GET,IQ
PUT,FK,fk
PUT,QV,qv
GET,SL
GET,XH
PUT,HL,hl
GET,CV
GET,EG
PUT,GD,gd
PUT,CP,cp
GET,LH
GET,TQ
GET,FS
PUT,SZ,sz
PUT,GS,gs
GET,AI
PUT,HD,hd
GET,RC
GET,HM
PUT,DZ,dz
GET,GV
PUT,ML,ml
PUT,NA,na
PUT,YZ,yz
PUT,LW,lw
GET,XK
PUT,NJ,nj
PUT,VX,vx
GET,KV
GET,GI
PUT,IN,in
PUT,FQ,fq
GET,JW
PUT,VK,vk
PUT,HS,hs
PUT,ZV,zv
PUT,TG,tg
PUT,GG,gg
PUT,CI,ci
PUT,NQ,nq
PUT,KZ,kz
PUT,GF,gf
GET,SI
PUT,WS,ws
GET,LW
GET,BF
GET,BW
PUT,AF,af
PUT,JI,ji
GET,GD
PUT,VV,vv
PUT,TG,tg
GET,HN
GET,NR
PUT,BV,bv
PUT,CS,cs
PUT,NU,nu
PUT,LP,lp
PUT,GH,gh
PUT,AX,ax
GET,OF
PUT,CS,cs
GET,XR
GET,AF
PUT,GH,gh
PUT,JT,jt
PUT,XZ,xz
GET,AN
PUT,NB,nb
GET,DA
GET,NN
PUT,UW,uw
GET,EB
PUT,DZ,dz
GET,GD
PUT,QR,qr
GET,CF
GET,BA
GET,BA
GET,EE
PUT,MC,mc
PUT,NP,np
PUT,EB,eb
GET,TZ
PUT,KE,ke
PUT,KT,kt
GET,SC
PUT,NZ,nz
GET,BI
GET,ES
PUT,JE,je
PUT,UQ,uq
PUT,VC,vc
GET,VN
PUT,NW,nw
PUT,UX,ux
PUT,PC,pc
PUT,HY,hy
PUT,SR,sr
GET,OG
GET,IH
GET,DX
GET,DI
GET,MV
GET,AJ
PUT,OB,ob
PUT,LC,lc
GET,PJ
GET,GG
PUT,TW,tw
PUT,HZ,hz
PUT,VP,vp
PUT,GO,go
PUT,QP,qp
PUT,AR,ar
GET,UQ
PUT,EK,ek
GET,VW
GET,DH
GET,VX
PUT,RT,rt
PUT,TT,tt
PUT,NK,nk
GET,UH
GET,HF
GET,UW
GET,LZ
PUT,WL,wl
GET,AN
GET,PK
GET,NK
GET,EU
GET,KG
PUT,VN,vn
PUT,DW,dw
PUT,VD,vd
PUT,JD,jd
PUT,ZY,zy
PUT,WU,wu
PUT,FG,fg
GET,RX
GET,PM
GET,HV
GET,PC
PUT,GL,gl
PUT,KU,ku
GET,EV
PUT,OO,oo
GET,EV
PUT,NX,nx
PUT,AQ,aq
PUT,JI,ji
GET,XU
PUT,QK,qk
GET,JW
PUT,BE,be
PUT,EA,ea
GET,QW
PUT,HN,hn
GET,TK
PUT,XA,xa
PUT,MM,mm
GET,WU
GET,SL
PUT,UN,un
GET,FN
GET,GE
PUT,RB,rb
GET,NP
GET,MQ
GET,NM
PUT,CS,cs
PUT,FF,ff
PUT,TZ,tz
GET,HQ
GET,RB
PUT,LO,lo
PUT,WX,wx
GET,JA
GET,VA
PUT,YY,yy
PUT,EM,em
PUT,WM,wm
GET,LV
PUT,EF,ef
GET,QO
GET,EJ
PUT,VL,vl
PUT,SW,sw
PUT,DZ,dz
GET,TT
PUT,FY,fy
GET,NH
PUT,XV,xv
GET,HP
GET,JU
GET,VZ
GET,EJ
GET,OH
PUT,BO,bo
PUT,XY,xy
PUT,AB,ab
GET,ES
PUT,YV,yv
PUT,JQ,jq
PUT,NS,ns
GET,VE
PUT,MR,mr
GET,HS
GET,UC
PUT,ND,nd
GET,AO
GET,JO
GET,EK
GET,FZ
PUT,FB,fb
PUT,EF,ef
PUT,DR,dr
GET,FQ
PUT,GL,gl
GET,OQ
GET,UR
PUT,SN,sn
GET,EB
PUT,WH,wh
PUT,HY,hy
GET,HD
GET,KI
PUT,ZB,zb
PUT,KB,kb
GET,QN
GET,XZ
GET,QL
GET,LT
GET,UB
PUT,KU,ku
PUT,FN,fn
GET,DF
GET,SB
PUT,PV,pv
GET,PN
GET,WD
PUT,AU,au
PUT,WM,wm
GET,PK
GET,OF
PUT,ZC,zc
PUT,JV,jv
GET,DN
GET,OB
PUT,DL,dl
GET,DE
GET,OF
PUT,KM,km
PUT,AU,au
PUT,RZ,rz
PUT,VY,vy
PUT,GH,gh
GET,WQ
PUT,BE,be
GET,ZY
GET,MV
GET,YW
GET,BS
PUT,JF,jf
PUT,RE,re
GET,AQ
PUT,ZL,zl
PUT,MI,mi
GET,KQ
GET,MP
PUT,BL,bl
PUT,PZ,pz
PUT,TV,tv
PUT,KX,kx
GET,XG
GET,MT
GET,BS
PUT,QV,qv
PUT,RR,rr
GET,HI
PUT,KG,kg
PUT,QM,qm
GET,NQ
GET,NC
GET,KQ
PUT,XT,xt
PUT,RB,rb
GET,LG
GET,RA
PUT,WG,wg
PUT,NT,nt
PUT,NS,ns
PUT,HD,hd
PUT,WE,we
GET,MQ
PUT,AN,an
PUT,WP,wp
GET,FN
GET,TD
PUT,KL,kl
PUT,DS,ds
GET,RW
PUT,XD,xd
PUT,DQ,dq
GET,DR
GET,BO
GET,LQ
GET,VP
PUT,QD,qd
PUT,QI,qi
PUT,AJ,aj
PUT,RF,rf
PUT,ZD,zd
PUT,XG,xg
GET,KN
PUT,LN,ln
GET,UA
PUT,XQ,xq
GET,VN
PUT,XB,xb
PUT,BZ,bz
GET,BA
PUT,ZK,zk
GET,KK
PUT,RN,rn
GET,ST
GET,ZN
PUT,HB,hb
PUT,ME,me
PUT,WL,wl
GET,NG
PUT,VM,vm
GET,TL
PUT,XJ,xj
GET,HQ
PUT,MN,mn
PUT,OB,ob
PUT,FS,fs
PUT,CZ,cz
PUT,PI,pi
GET,AZ
PUT,AJ,aj
GET,OR
GET,DX
GET,GQ
GET,LB
GET,SP
GET,UM
GET,EY
GET,UT
PUT,DQ,dq
GET,DP
GET,RY
PUT,DQ,dq
PUT,HK,hk
PUT,IA,ia
GET,TO
GET,KF
PUT,BM,bm
PUT,QQ,qq
GET,RF
GET,GF
PUT,JB,jb
PUT,JF,jf
PUT,FD,fd
GET,PD
GET,DL
PUT,VY,vy
PUT,OA,oa
GET,JY
PUT,TW,tw
PUT,TR,tr
PUT,FR,fr
GET,TP
PUT,UV,uv
PUT,DV,dv
PUT,TB,tb
PUT,QM,qm
PUT,YH,yh
PUT,JV,jv
GET,WQ
GET,TC
PUT,YY,yy
PUT,CN,cn
GET,IN
PUT,TI,ti
GET,QR
PUT,JZ,jz
PUT,AU,au
PUT,UR,ur
PUT,DP,dp
GET,HW
PUT,CM,cm
GET,UN
PUT,AV,av
PUT,BH,bh
PUT,OR,or
PUT,CT,ct
GET,GL
PUT,RU,ru
PUT,GW,gw
GET,LB
GET,YF
PUT,EU,eu
GET,UM
GET,MK
PUT,DJ,dj
GET,HY
PUT,VR,vr
PUT,CB,cb
GET,VU
GET,LA
PUT,WB,wb
PUT,LB,lb
PUT,SR,sr
PUT,VM,vm
PUT,TF,tf
PUT,HE,he
PUT,BT,bt
GET,EM
GET,QY
GET,TI
PUT,IL,il
PUT,LX,lx
PUT,QW,qw
PUT,AG,ag
GET,ZQ
GET,OU
GET,TA
GET,VM
PUT,AU,au
GET,XS
PUT,WM,wm
GET,DQ
GET,XN
PUT,VN,vn
PUT,WS,ws
GET,OY
PUT,UB,ub
PUT,QG,qg
PUT,WY,wy
GET,VZ
PUT,MW,mw
GET,UA
PUT,QC,qc
PUT,VS,vs
PUT,DW,dw
PUT,EJ,ej
GET,SL
GET,PZ
GET,PO
PUT,GC,gc
PUT,PS,ps
PUT,XP,xp
PUT,XO,xo
GET,XJ
PUT,AB,ab
GET,VS
GET,AQ
GET,XS
PUT,CN,cn
GET,RN
PUT,UF,uf
GET,JS
GET,XF
PUT,PN,pn
PUT,YD,yd
PUT,DU,du
GET,VJ
GET,LL
GET,PF
GET,RR
GET,XP
GET,FM
PUT,GO,go
PUT,LH,lh
PUT,AE,ae
PUT,OD,od
PUT,NE,ne
PUT,XR,xr
PUT,JR,jr
PUT,RV,rv
PUT,KN,kn
GET,OT
PUT,PL,pl
PUT,JT,jt
PUT,TN,tn
GET,AT
PUT,BT,bt
GET,PO
GET,HE
PUT,ZP,zp
GET,BO
PUT,GL,gl
GET,XA
PUT,KH,kh
GET,ZQ
GET,UK
PUT,JO,jo
GET,ME
PUT,DI,di
GET,KD
GET,AL
GET,EU
PUT,FI,fi
PUT,DB,db
PUT,NR,nr
PUT,LN,ln
GET,FR
PUT,BK,bk
GET,YI
PUT,ML,ml
PUT,CK,ck
PUT,IK,ik
GET,JW
PUT,ZG,zg
GET,SG
GET,XQ
PUT,FC,fc
GET,MG
GET,DI
GET,RM
GET,QS
PUT,LN,ln
GET,FV
GET,NW
GET,TD
PUT,KB,kb
GET,FO
GET,GU
GET,PS
PUT,IT,it
PUT,AD,ad
PUT,CZ,cz
PUT,FG,fg
PUT,ZT,zt
GET,PE
GET,YK
PUT,UX,ux
PUT,IC,ic
PUT,ZL,zl
PUT,VJ,vj
GET,GX
PUT,IW,iw
PUT,DW,dw
PUT,LN,ln
PUT,PJ,pj
PUT,WQ,wq
GET,UK
PUT,QU,qu
PUT,OK,ok
GET,UI
PUT,CB,cb
GET,GR
GET,KV
GET,AR
GET,VO
GET,SW
PUT,AR,ar
GET,RP
PUT,LD,ld
GET,PY
PUT,YI,yi
PUT,WK,wk
GET,BY
PUT,SQ,sq
GET,IK
GET,BQ
PUT,JE,je
GET,RN
GET,WQ
GET,RL
GET,IJ
GET,CE
GET,MS
PUT,XL,xl
GET,KB
GET,QI
GET,LX
GET,PN
GET,IW
GET,MO
GET,UM
