PUT,WC,wc
PUT,VL,vl
PUT,WB,wb
PUT,WA,wa
PUT,WO,wo
PUT,WN,wn
PUT,VM,vm
PUT,WM,wm
PUT,GW,gw
PUT,GV,gv
PUT,GU,gu
PUT,GT,gt
PUT,GS,gs
PUT,GR,gr
PUT,GQ,gq
PUT,GP,gp
PUT,WK,wk
PUT,GZ,gz
PUT,GY,gy
PUT,GX,gx
PUT,GG,gg
PUT,GF,gf
PUT,GE,ge
PUT,GD,gd
PUT,GC,gc
PUT,GB,gb
PUT,GA,ga
PUT,GO,go
PUT,GN,gn
PUT,GM,gm
PUT,GL,gl
PUT,GK,gk
PUT,GJ,gj
PUT,GI,gi
PUT,GH,gh
PUT,WW,ww
PUT,WV,wv
PUT,WU,wu
PUT,WT,wt
PUT,VO,vo
PUT,WS,ws
PUT,WR,wr
PUT,WQ,wq
PUT,WP,wp
PUT,WZ,wz
PUT,WY,wy
PUT,WX,wx
PUT,ZL,zl
PUT,ZM,zm
PUT,ZN,zn
PUT,ZO,zo
PUT,ZH,zh
PUT,ZI,zi
PUT,ZJ,zj
PUT,ZK,zk
PUT,ZD,zd
PUT,ZE,ze
PUT,ZF,zf
PUT,ZG,zg
PUT,ZA,za
PUT,ZB,zb
PUT,ZC,zc
PUT,ZX,zx
PUT,ZY,zy
PUT,ZZ,zz
PUT,ZT,zt
PUT,ZU,zu
PUT,ZV,zv
PUT,ZW,zw
PUT,ZP,zp
PUT,ZQ,zq
PUT,ZR,zr
PUT,ZS,zs
PUT,ME,me
PUT,MD,md
PUT,MG,mg
PUT,MF,mf
PUT,MA,ma
PUT,MC,mc
PUT,MB,mb
PUT,MM,mm
PUT,ML,ml
PUT,MO,mo
PUT,MN,mn
PUT,MI,mi
PUT,MH,mh
PUT,MK,mk
PUT,MJ,mj
PUT,MU,mu
PUT,MT,mt
PUT,MW,mw
PUT,MV,mv
PUT,MQ,mq
PUT,MP,mp
PUT,MS,ms
PUT,MR,mr
PUT,MY,my
PUT,MX,mx
PUT,MZ,mz
PUT,FP,fp
PUT,FQ,fq
PUT,FR,fr
PUT,FS,fs
PUT,FT,ft
PUT,FU,fu
PUT,FV,fv
PUT,FW,fw
PUT,FX,fx
PUT,FY,fy
PUT,FZ,fz
PUT,FA,fa
PUT,FB,fb
PUT,FC,fc
PUT,FD,fd
PUT,FE,fe
PUT,FF,ff
PUT,FG,fg
PUT,FH,fh
PUT,FI,fi
PUT,FJ,fj
PUT,FK,fk
PUT,FL,fl
PUT,FM,fm
PUT,FN,fn
PUT,FO,fo
PUT,WI,wi
PUT,SZ,sz
PUT,SY,sy
PUT,SX,sx
PUT,SS,ss
PUT,SR,sr
PUT,SQ,sq
PUT,SP,sp
PUT,SW,sw
PUT,SV,sv
PUT,SU,su
PUT,ST,st
PUT,SK,sk
PUT,SJ,sj
PUT,SI,si
PUT,SH,sh
PUT,SO,so
PUT,SN,sn
PUT,SM,sm
PUT,SL,sl
PUT,SC,sc
PUT,SB,sb
PUT,SA,sa
PUT,SG,sg
PUT,SF,sf
PUT,SE,se
PUT,SD,sd
PUT,YI,yi
PUT,YH,yh
PUT,YK,yk
PUT,YJ,yj
PUT,YM,ym
PUT,YL,yl
PUT,YO,yo
PUT,YN,yn
PUT,YA,ya
PUT,YC,yc
PUT,YB,yb
PUT,YE,ye
PUT,YD,yd
PUT,YG,yg
PUT,YF,yf
PUT,YY,yy
PUT,YX,yx
PUT,YZ,yz
PUT,YQ,yq
PUT,YP,yp
PUT,YS,ys
PUT,YR,yr
PUT,YU,yu
PUT,YT,yt
PUT,YW,yw
PUT,YV,yv
PUT,LF,lf
PUT,LG,lg
PUT,LD,ld
PUT,LE,le
PUT,LB,lb
PUT,LC,lc
PUT,LA,la
PUT,LN,ln
PUT,LO,lo
PUT,LL,ll
PUT,LM,lm
PUT,LJ,lj
PUT,LK,lk
PUT,LH,lh
PUT,LI,li
PUT,LV,lv
PUT,LW,lw
PUT,LT,lt
PUT,LU,lu
PUT,LR,lr
PUT,LS,ls
PUT,LP,lp
PUT,LQ,lq
PUT,LZ,lz
PUT,LX,lx
PUT,LY,ly
PUT,RT,rt
PUT,RU,ru
PUT,RV,rv
PUT,RW,rw
PUT,RP,rp
PUT,RQ,rq
PUT,RR,rr
PUT,RS,rs
PUT,RX,rx
PUT,RY,ry
PUT,RZ,rz
PUT,RD,rd
PUT,RE,re
PUT,RF,rf
PUT,RG,rg
PUT,RA,ra
PUT,RB,rb
PUT,RC,rc
PUT,RL,rl
PUT,RM,rm
PUT,RN,rn
PUT,RO,ro
PUT,RH,rh
PUT,RI,ri
PUT,RJ,rj
PUT,RK,rk
PUT,VA,va
PUT,VC,vc
PUT,VH,vh
PUT,VI,vi
PUT,VJ,vj
PUT,EM,em
PUT,EL,el
PUT,EO,eo
PUT,EN,en
PUT,EI,ei
PUT,EH,eh
PUT,EK,ek
PUT,EJ,ej
PUT,EE,ee
PUT,ED,ed
PUT,EG,eg
PUT,EF,ef
PUT,EA,ea
PUT,EC,ec
PUT,EB,eb
PUT,EY,ey
PUT,EX,ex
PUT,EZ,ez
PUT,EU,eu
PUT,ET,et
PUT,EW,ew
PUT,EV,ev
PUT,EQ,eq
PUT,EP,ep
PUT,ES,es
PUT,ER,er
PUT,VP,vp
PUT,VQ,vq
PUT,VR,vr
PUT,VS,vs
PUT,VT,vt
PUT,VU,vu
PUT,VV,vv
PUT,VW,vw
PUT,VX,vx
PUT,VZ,vz
PUT,XJ,xj
PUT,XK,xk
PUT,XH,xh
PUT,XI,xi
PUT,XN,xn
PUT,XO,xo
PUT,XL,xl
PUT,XM,xm
PUT,XB,xb
PUT,XC,xc
PUT,XA,xa
PUT,XF,xf
PUT,XG,xg
PUT,XD,xd
PUT,XE,xe
PUT,XZ,xz
PUT,XX,xx
PUT,XY,xy
PUT,XR,xr
PUT,XS,xs
PUT,XP,xp
PUT,XQ,xq
PUT,XV,xv
PUT,XW,xw
PUT,XT,xt
PUT,XU,xu
PUT,KC,kc
PUT,KB,kb
PUT,KA,ka
PUT,KG,kg
PUT,KF,kf
PUT,KE,ke
PUT,KD,kd
PUT,KK,kk
PUT,KJ,kj
PUT,KI,ki
PUT,KH,kh
PUT,KO,ko
PUT,KN,kn
PUT,KM,km
PUT,KL,kl
PUT,KS,ks
PUT,KR,kr
PUT,KQ,kq
PUT,KP,kp
PUT,KW,kw
PUT,KV,kv
PUT,KU,ku
PUT,KT,kt
PUT,KZ,kz
PUT,KY,ky
PUT,KX,kx
PUT,DN,dn
PUT,DO,do
PUT,DL,dl
PUT,DM,dm
PUT,DJ,dj
PUT,DK,dk
PUT,DH,dh
PUT,DI,di
PUT,DF,df
PUT,DG,dg
PUT,DD,dd
PUT,DE,de
PUT,DB,db
PUT,DC,dc
PUT,DA,da
PUT,DZ,dz
PUT,DX,dx
PUT,DY,dy
PUT,DV,dv
PUT,DW,dw
PUT,DT,dt
PUT,DU,du
PUT,DR,dr
PUT,DS,ds
PUT,DP,dp
PUT,DQ,dq
PUT,WL,wl
PUT,QQ,qq
PUT,QP,qp
PUT,QS,qs
PUT,QR,qr
PUT,QU,qu
PUT,QT,qt
PUT,QW,qw
PUT,QV,qv
PUT,QY,qy
PUT,QX,qx
PUT,QZ,qz
PUT,WJ,wj
PUT,QA,qa
PUT,QC,qc
PUT,QB,qb
PUT,QE,qe
PUT,QD,qd
PUT,QG,qg
PUT,QF,qf
PUT,QI,qi
PUT,QH,qh
PUT,QK,qk
PUT,QJ,qj
PUT,QM,qm
PUT,QL,ql
PUT,QO,qo
PUT,QN,qn
PUT,WG,wg
PUT,WF,wf
PUT,WE,we
PUT,WD,wd
PUT,JX,jx
PUT,JY,jy
PUT,JZ,jz
PUT,JT,jt
PUT,JU,ju
PUT,JV,jv
PUT,JW,jw
PUT,JP,jp
PUT,JQ,jq
PUT,JR,jr
PUT,JS,js
PUT,JL,jl
PUT,JM,jm
PUT,JN,jn
PUT,JO,jo
PUT,JH,jh
PUT,JI,ji
PUT,JJ,jj
PUT,JK,jk
PUT,JD,jd
PUT,JE,je
PUT,JF,jf
PUT,JG,jg
PUT,JA,ja
PUT,JB,jb
PUT,JC,jc
PUT,WH,wh
PUT,PR,pr
PUT,PS,ps
PUT,PP,pp
PUT,PQ,pq
PUT,PV,pv
PUT,PW,pw
PUT,PT,pt
PUT,PU,pu
PUT,PZ,pz
PUT,PX,px
PUT,PY,py
PUT,PB,pb
PUT,PC,pc
PUT,PA,pa
PUT,PF,pf
PUT,PG,pg
PUT,PD,pd
PUT,PE,pe
PUT,PJ,pj
PUT,PK,pk
PUT,PH,ph
PUT,PI,pi
PUT,PN,pn
PUT,PO,po
PUT,PL,pl
PUT,PM,pm
PUT,CK,ck
PUT,CJ,cj
PUT,CI,ci
PUT,CH,ch
PUT,CO,co
PUT,CN,cn
PUT,CM,cm
PUT,CL,cl
PUT,CC,cc
PUT,CB,cb
PUT,CA,ca
PUT,CG,cg
PUT,CF,cf
PUT,CE,ce
PUT,CD,cd
PUT,CZ,cz
PUT,CY,cy
PUT,CX,cx
PUT,CS,cs
PUT,CR,cr
PUT,CQ,cq
PUT,CP,cp
PUT,CW,cw
PUT,CV,cv
PUT,CU,cu
PUT,CT,ct
PUT,IY,iy
PUT,IX,ix
PUT,VB,vb
PUT,IZ,iz
PUT,VD,vd
PUT,VE,ve
PUT,VF,vf
PUT,VG,vg
PUT,IQ,iq
PUT,IP,ip
PUT,IS,is
PUT,IR,ir
PUT,IU,iu
PUT,IT,it
PUT,IW,iw
PUT,IV,iv
PUT,II,ii
PUT,IH,ih
PUT,IK,ik
PUT,IJ,ij
PUT,IM,im
PUT,IL,il
PUT,IO,io
PUT,IN,in
PUT,IA,ia
PUT,VY,vy
PUT,IC,ic
PUT,IB,ib
PUT,IE,ie
PUT,ID,id
PUT,IG,ig
PUT,IF,if
PUT,BD,bd
PUT,BE,be
PUT,BF,bf
PUT,BG,bg
PUT,BA,ba
PUT,BB,bb
PUT,BC,bc
PUT,BL,bl
PUT,BM,bm
PUT,BN,bn
PUT,BO,bo
PUT,BH,bh
PUT,BI,bi
PUT,BJ,bj
PUT,BK,bk
PUT,BT,bt
PUT,BU,bu
PUT,BV,bv
PUT,BW,bw
PUT,BP,bp
PUT,BQ,bq
PUT,BR,br
PUT,BS,bs
PUT,BX,bx
PUT,BY,by
PUT,BZ,bz
PUT,OO,oo
PUT,ON,on
PUT,OM,om
PUT,OL,ol
PUT,OK,ok
PUT,OJ,oj
PUT,OI,oi
PUT,OH,oh
PUT,OG,og
PUT,OF,of
PUT,OE,oe
PUT,OD,od
PUT,OC,oc
PUT,OB,ob
PUT,OA,oa
PUT,OZ,oz
PUT,OY,oy
PUT,OX,ox
PUT,OW,ow
PUT,OV,ov
PUT,OU,ou
PUT,OT,ot
PUT,OS,os
PUT,OR,or
PUT,OQ,oq
PUT,OP,op
PUT,HZ,hz
PUT,HX,hx
PUT,HY,hy
PUT,HR,hr
PUT,HS,hs
PUT,HP,hp
PUT,HQ,hq
PUT,HV,hv
PUT,HW,hw
PUT,HT,ht
PUT,HU,hu
PUT,HJ,hj
PUT,HK,hk
PUT,HH,hh
PUT,HI,hi
PUT,HN,hn
PUT,HO,ho
PUT,HL,hl
PUT,HM,hm
PUT,HB,hb
PUT,HC,hc
PUT,HA,ha
PUT,HF,hf
PUT,HG,hg
PUT,HD,hd
PUT,HE,he
PUT,UY,uy
PUT,UX,ux
PUT,UZ,uz
PUT,UU,uu
PUT,UT,ut
PUT,UW,uw
PUT,UV,uv
PUT,UQ,uq
PUT,UP,up
PUT,US,us
PUT,UR,ur
PUT,UM,um
PUT,UL,ul
PUT,UO,uo
PUT,UN,un
PUT,UI,ui
PUT,UH,uh
PUT,UK,uk
PUT,UJ,uj
PUT,UE,ue
PUT,UD,ud
PUT,UG,ug
PUT,UF,uf
PUT,UA,ua
PUT,UC,uc
PUT,UB,ub
PUT,NH,nh
PUT,NI,ni
PUT,NJ,nj
PUT,NK,nk
PUT,NL,nl
PUT,NM,nm
PUT,NN,nn
PUT,NO,no
PUT,NA,na
PUT,NB,nb
PUT,NC,nc
PUT,ND,nd
PUT,NE,ne
PUT,NF,nf
PUT,NG,ng
PUT,NX,nx
PUT,NY,ny
PUT,NZ,nz
PUT,NP,np
PUT,NQ,nq
PUT,NR,nr
PUT,NS,ns
PUT,NT,nt
PUT,NU,nu
PUT,NV,nv
PUT,NW,nw
PUT,VN,vn
PUT,TZ,tz
PUT,TX,tx
PUT,TY,ty
PUT,TV,tv
PUT,TW,tw
PUT,TT,tt
PUT,TU,tu
PUT,TR,tr
PUT,TS,ts
PUT,TP,tp
PUT,TQ,tq
PUT,TN,tn
PUT,TO,to
PUT,TL,tl
PUT,TM,tm
PUT,TJ,tj
PUT,TK,tk
PUT,TH,th
PUT,TI,ti
PUT,TF,tf
PUT,TG,tg
PUT,TD,td
PUT,TE,te
PUT,TB,tb
PUT,TC,tc
PUT,TA,ta
PUT,AA,aa
PUT,AC,ac
PUT,AB,ab
PUT,AE,ae
PUT,AD,ad
PUT,AG,ag
PUT,AF,af
PUT,AI,ai
PUT,AH,ah
PUT,AK,ak
PUT,AJ,aj
PUT,AM,am
PUT,AL,al
PUT,AO,ao
PUT,AN,an
PUT,AQ,aq
PUT,AP,ap
PUT,AS,as
PUT,AR,ar
PUT,AU,au
PUT,AT,at
PUT,AW,aw
PUT,AV,av
PUT,AY,ay
PUT,AX,ax
PUT,AZ,az
PUT,VK,vk
