GET,EW
GET,ND
GET,FP
GET,VT
PUT,CC,cc
PUT,UT,ut
PUT,EV,ev
PUT,QJ,qj
PUT,LP,lp
GET,PY
PUT,QN,qn
GET,VW
GET,GY
GET,AB
PUT,NY,ny
PUT,ZN,zn
PUT,ZQ,zq
PUT,RF,rf
PUT,DJ,dj
PUT,OJ,oj
GET,ZM
PUT,CX,cx
PUT,BA,ba
PUT,KW,kw
PUT,CH,ch
PUT,VY,vy
GET,JO
GET,DC
PUT,NF,nf
PUT,VD,vd
GET,EU
PUT,TO,to
PUT,QM,qm
PUT,LK,lk
GET,GJ
PUT,MM,mm
PUT,AD,ad
GET,YC
PUT,MI,mi
PUT,JD,jd
GET,AD
PUT,LL,ll
PUT,OU,ou
GET,MX
GET,FN
PUT,JV,jv
GET,KG
GET,AF
PUT,XF,xf
GET,MJ
PUT,EZ,ez
PUT,AH,ah
GET,PG
PUT,KN,kn
GET,PK
GET,LO
PUT,LI,li
GET,FO
GET,IK
PUT,TT,tt
PUT,QX,qx
PUT,HO,ho
PUT,NM,nm
PUT,LM,lm
PUT,GA,ga
GET,BS
PUT,FQ,fq
PUT,CC,cc
GET,WV
PUT,AF,af
PUT,EZ,ez
GET,FP
GET,VV
PUT,YE,ye
PUT,VK,vk
GET,UM
GET,AE
PUT,YQ,yq
PUT,GS,gs
GET,LY
PUT,FL,fl
PUT,MA,ma
PUT,SP,sp
PUT,RP,rp
GET,TT
PUT,DO,do
GET,OY
PUT,QE,qe
GET,WY
GET,BL
PUT,WM,wm
GET,VG
PUT,SO,so
PUT,FQ,fq
GET,JQ
GET,EC
PUT,QL,ql
GET,TI
PUT,MB,mb
GET,UU
GET,SE
PUT,ZG,zg
GET,KF
PUT,RD,rd
PUT,NF,nf
GET,CL
GET,ZD
GET,EY
GET,BC
PUT,NG,ng
PUT,EY,ey
PUT,WV,wv
GET,JY
PUT,HR,hr
GET,CZ
GET,PZ
GET,UO
PUT,HZ,hz
GET,ZQ
PUT,GU,gu
GET,RR
PUT,LA,la
GET,JG
PUT,IT,it
GET,BO
PUT,PF,pf
GET,CI
GET,BV
PUT,UB,ub
PUT,GS,gs
GET,WE
GET,HK
PUT,DR,dr
GET,BB
GET,NL
PUT,II,ii
GET,PK
PUT,OU,ou
GET,PD
GET,MG
PUT,NJ,nj
PUT,AE,ae
GET,WH
PUT,AT,at
GET,MT
PUT,HP,hp
PUT,IC,ic
PUT,IW,iw
PUT,NI,ni
GET,VJ
GET,BZ
GET,VO
GET,VW
GET,DY
GET,RF
GET,OT
GET,EQ
GET,RD
PUT,VM,vm
GET,XC
PUT,KN,kn
GET,ZH
GET,DR
GET,EW
GET,WE
GET,DU
GET,YR
GET,TY
PUT,FB,fb
PUT,QI,qi
PUT,ZY,zy
GET,OX
PUT,GU,gu
GET,FJ
PUT,VZ,vz
GET,IE
GET,UK
PUT,FU,fu
GET,TE
PUT,PU,pu
PUT,JP,jp
GET,KG
PUT,ZY,zy
GET,XJ
PUT,WS,ws
PUT,GC,gc
GET,VK
PUT,DK,dk
GET,ML
GET,MX
PUT,DP,dp
GET,QZ
GET,LO
GET,DC
PUT,LN,ln
GET,QM
GET,YA
PUT,JN,jn
PUT,EB,eb
PUT,YD,yd
GET,DC
GET,GG
PUT,IB,ib
PUT,EL,el
GET,EV
GET,ZF
PUT,XC,xc
PUT,WF,wf
GET,TW
GET,ZC
GET,OY
PUT,SW,sw
GET,WJ
GET,VE
GET,CS
PUT,AD,ad
PUT,LA,la
PUT,QJ,qj
GET,CX
GET,EW
GET,HD
GET,NK
GET,IV
PUT,XA,xa
GET,MT
PUT,RH,rh
GET,KE
GET,SA
PUT,MR,mr
GET,WM
PUT,FC,fc
GET,XP
GET,XP
GET,YG
PUT,UZ,uz
GET,YB
PUT,VI,vi
GET,MJ
PUT,EF,ef
GET,WL
PUT,YV,yv
PUT,YV,yv
GET,GM
GET,LJ
GET,QR
PUT,WL,wl
PUT,LE,le
PUT,GA,ga
PUT,JG,jg
GET,CO
PUT,MV,mv
PUT,SY,sy
PUT,RD,rd
GET,NL
GET,UV
PUT,DB,db
PUT,ZI,zi
PUT,VV,vv
GET,YW
GET,VD
GET,OC
PUT,DL,dl
GET,XE
PUT,QI,qi
PUT,AO,ao
PUT,GF,gf
GET,TE
PUT,IV,iv
GET,QC
GET,PN
PUT,AW,aw
GET,SI
PUT,ND,nd
GET,ZT
PUT,PP,pp
GET,NF
PUT,IV,iv
PUT,LK,lk
GET,BE
PUT,ML,ml
PUT,RE,re
PUT,CO,co
PUT,MA,ma
PUT,QF,qf
GET,VG
PUT,ND,nd
GET,SR
GET,RU
GET,QP
PUT,EA,ea
GET,NX
PUT,XH,xh
GET,MJ
GET,UP
PUT,KL,kl
PUT,HE,he
PUT,HA,ha
PUT,KA,ka
PUT,VY,vy
GET,YB
GET,FB
GET,TS
GET,ZP
PUT,HN,hn
GET,RG
PUT,WL,wl
PUT,BH,bh
GET,HP
PUT,KJ,kj
GET,SM
PUT,PK,pk
PUT,KM,km
PUT,IB,ib
PUT,MT,mt
PUT,JO,jo
PUT,JQ,jq
GET,SC
GET,AU
GET,HK
PUT,YS,ys
PUT,GS,gs
GET,AM
PUT,OI,oi
PUT,BP,bp
PUT,PB,pb
GET,UP
GET,KG
GET,TV
PUT,OD,od
GET,SX
GET,WY
GET,SI
PUT,JB,jb
GET,IN
GET,IX
GET,ZH
PUT,NO,no
PUT,AU,au
PUT,UZ,uz
PUT,MV,mv
GET,TN
PUT,WY,wy
GET,JB
GET,HW
PUT,AQ,aq
GET,FN
GET,VK
PUT,BC,bc
GET,ZP
PUT,HN,hn
GET,PO
GET,MI
GET,EQ
GET,YH
PUT,WQ,wq
GET,CY
PUT,QW,qw
GET,VJ
PUT,JT,jt
PUT,NO,no
GET,RA
GET,CS
PUT,UQ,uq
PUT,HA,ha
GET,UO
GET,NB
PUT,QQ,qq
GET,SZ
GET,XW
GET,GU
PUT,NC,nc
PUT,MC,mc
PUT,SG,sg
GET,NI
GET,QZ
GET,HG
GET,QH
GET,TE
PUT,DP,dp
PUT,UF,uf
GET,WT
GET,XS
PUT,OU,ou
GET,RD
PUT,CY,cy
PUT,ZS,zs
GET,LK
PUT,FJ,fj
GET,NG
PUT,EN,en
GET,DA
GET,RS
GET,HE
GET,PO
PUT,PT,pt
PUT,VY,vy
GET,PI
PUT,XE,xe
PUT,LN,ln
PUT,TR,tr
GET,PY
PUT,AY,ay
GET,OI
PUT,QU,qu
PUT,XU,xu
GET,GL
GET,BN
GET,NX
PUT,HY,hy
PUT,HV,hv
GET,HL
PUT,TU,tu
GET,KH
GET,GU
PUT,JB,jb
GET,DS
GET,KO
GET,EB
PUT,LC,lc
PUT,WZ,wz
GET,EB
GET,FF
GET,LI
PUT,IA,ia
PUT,OL,ol
GET,YO
PUT,EQ,eq
PUT,FQ,fq
GET,EE
PUT,LN,ln
PUT,WP,wp
GET,GW
PUT,UN,un
PUT,WA,wa
GET,WN
PUT,VF,vf
GET,QO
GET,FL
PUT,GT,gt
GET,FZ
GET,WS
PUT,NC,nc
GET,IV
PUT,WO,wo
GET,TP
PUT,TH,th
GET,EX
PUT,XH,xh
PUT,SJ,sj
PUT,WY,wy
GET,KH
PUT,VW,vw
PUT,DX,dx
GET,TG
PUT,QT,qt
PUT,LW,lw
PUT,YV,yv
PUT,XX,xx
GET,JT
GET,SG
PUT,CJ,cj
PUT,AC,ac
PUT,KK,kk
PUT,YB,yb
PUT,EK,ek
PUT,KR,kr
GET,XS
PUT,QJ,qj
GET,OO
GET,KK
PUT,BO,bo
PUT,TJ,tj
PUT,RD,rd
GET,PU
GET,AD
GET,TK
GET,TX
PUT,IC,ic
GET,LD
GET,SL
PUT,QL,ql
GET,LC
PUT,RW,rw
GET,WS
GET,GW
PUT,DC,dc
PUT,KC,kc
PUT,AX,ax
PUT,FU,fu
GET,MG
PUT,UC,uc
GET,QY
PUT,OB,ob
GET,VT
PUT,KK,kk
PUT,QL,ql
GET,CR
GET,GO
PUT,AF,af
PUT,OG,og
GET,QX
GET,BS
PUT,FU,fu
PUT,PT,pt
GET,EP
GET,PH
GET,GG
PUT,TD,td
GET,NR
GET,LU
GET,KR
GET,SD
PUT,WD,wd
PUT,LG,lg
PUT,OX,ox
PUT,EY,ey
PUT,MG,mg
PUT,CB,cb
GET,PO
PUT,HY,hy
GET,XM
GET,DI
GET,EV
GET,JK
GET,OX
GET,VX
GET,UW
GET,KF
GET,HR
GET,AL
GET,WS
PUT,TK,tk
PUT,ZG,zg
GET,SU
GET,XZ
PUT,HY,hy
PUT,GC,gc
GET,VP
PUT,YN,yn
PUT,BJ,bj
PUT,FS,fs
PUT,WQ,wq
PUT,MP,mp
GET,HA
PUT,ZF,zf
GET,WL
PUT,WW,ww
PUT,EE,ee
PUT,MF,mf
PUT,JQ,jq
PUT,IB,ib
PUT,DZ,dz
PUT,FJ,fj
GET,FQ
PUT,MD,md
PUT,NR,nr
GET,CV
GET,MY
PUT,ME,me
GET,OR
GET,TA
GET,OR
GET,VL
GET,PD
PUT,GU,gu
GET,XA
GET,JZ
GET,KF
PUT,GD,gd
GET,AB
GET,OY
GET,HO
PUT,QC,qc
PUT,PP,pp
PUT,RO,ro
PUT,LC,lc
GET,WX
GET,KB
GET,JI
PUT,JX,jx
GET,GJ
GET,NW
GET,OR
GET,GC
PUT,LG,lg
PUT,FB,fb
GET,RZ
GET,QW
GET,JO
GET,SQ
GET,FV
PUT,DR,dr
GET,QL
GET,ND
GET,SB
PUT,QL,ql
PUT,GY,gy
PUT,KV,kv
PUT,CN,cn
PUT,RB,rb
GET,OG
GET,YJ
GET,VK
PUT,RJ,rj
PUT,UK,uk
PUT,BU,bu
GET,NC
GET,BS
GET,YM
PUT,ED,ed
GET,YK
PUT,OB,ob
GET,OK
GET,BQ
PUT,LI,li
GET,RQ
PUT,OR,or
GET,RL
GET,NN
GET,FH
GET,BB
GET,WC
PUT,QL,ql
GET,LY
GET,ZC
PUT,PD,pd
PUT,BH,bh
GET,PW
GET,VR
PUT,IZ,iz
PUT,US,us
GET,WG
PUT,VA,va
GET,JW
GET,UI
GET,EG
PUT,WR,wr
PUT,NN,nn
PUT,DO,do
PUT,XC,xc
GET,BQ
PUT,XU,xu
PUT,DO,do
GET,QM
GET,JE
GET,EC
PUT,YO,yo
GET,EI
PUT,QA,qa
PUT,IY,iy
GET,JH
GET,MI
PUT,FE,fe
PUT,BO,bo
GET,RS
GET,MG
PUT,UA,ua
PUT,BJ,bj
GET,NM
GET,CQ
PUT,AH,ah
PUT,XY,xy
PUT,QT,qt
GET,ZJ
GET,XG
PUT,ZW,zw
PUT,YP,yp
PUT,PS,ps
GET,FP
GET,ES
GET,DP
GET,WO
GET,MH
GET,GD
GET,BU
GET,MV
GET,SU
GET,TN
PUT,VN,vn
GET,TC
PUT,PE,pe
GET,AN
PUT,ZQ,zq
GET,LV
GET,HR
GET,XQ
GET,AF
PUT,YR,yr
PUT,TQ,tq
GET,SQ
GET,GL
PUT,IK,ik
PUT,XS,xs
PUT,EL,el
GET,TR
PUT,IO,io
PUT,FF,ff
GET,GV
GET,UZ
GET,ZU
PUT,XN,xn
GET,PB
PUT,NJ,nj
GET,LB
PUT,UW,uw
PUT,GC,gc
GET,YE
GET,OX
GET,TQ
PUT,QT,qt
PUT,KL,kl
PUT,PP,pp
PUT,SA,sa
PUT,BN,bn
PUT,KX,kx
PUT,MR,mr
PUT,OK,ok
PUT,LE,le
PUT,EX,ex
GET,HD
PUT,OC,oc
GET,KY
PUT,FD,fd
GET,WR
GET,OK
GET,FE
GET,NB
PUT,XG,xg
GET,MC
PUT,DI,di
GET,JE
GET,DI
GET,BZ
PUT,FP,fp
GET,IA
PUT,KQ,kq
PUT,JB,jb
GET,WF
GET,PK
PUT,WN,wn
PUT,TP,tp
GET,YW
PUT,WJ,wj
GET,GY
PUT,CR,cr
GET,XZ
PUT,EO,eo
PUT,ZX,zx
PUT,AE,ae
PUT,JP,jp
GET,LQ
PUT,GI,gi
GET,XP
PUT,LQ,lq
PUT,IS,is
GET,RH
PUT,VT,vt
GET,WP
GET,ZA
GET,GG
PUT,FF,ff
PUT,GK,gk
PUT,KM,km
GET,KA
PUT,PY,py
GET,RV
GET,GG
GET,DT
GET,FZ
GET,QX
PUT,QT,qt
GET,OF
PUT,AW,aw
GET,TV
PUT,JL,jl
PUT,BO,bo
PUT,OB,ob
PUT,XA,xa
GET,TK
GET,OG
PUT,HT,ht
PUT,TL,tl
GET,DM
PUT,OR,or
PUT,YZ,yz
PUT,IC,ic
PUT,DZ,dz
PUT,DY,dy
PUT,HN,hn
PUT,BI,bi
GET,EJ
GET,PW
GET,TH
PUT,LH,lh
PUT,TG,tg
GET,YP
PUT,LH,lh
GET,PS
GET,XM
GET,IU
GET,DO
PUT,CP,cp
PUT,RE,re
PUT,VW,vw
PUT,XB,xb
PUT,WZ,wz
GET,IV
PUT,UL,ul
GET,PL
PUT,KP,kp
GET,WK
PUT,FX,fx
PUT,YV,yv
GET,MB
PUT,NP,np
PUT,HI,hi
GET,HS
PUT,MC,mc
GET,WR
PUT,ZY,zy
GET,SD
GET,HW
GET,SO
GET,BD
GET,LZ
PUT,ZO,zo
GET,UT
GET,SW
GET,HT
PUT,ZB,zb
GET,PO
GET,SN
GET,YW
GET,SD
GET,FI
PUT,YG,yg
PUT,MJ,mj
PUT,WY,wy
PUT,HZ,hz
GET,NA
PUT,DC,dc
PUT,KY,ky
GET,IG
PUT,GX,gx
PUT,YY,yy
GET,VB
PUT,AK,ak
GET,WR
PUT,ZO,zo
PUT,EC,ec
GET,XA
GET,LU
GET,PB
PUT,UO,uo
PUT,YD,yd
PUT,CP,cp
GET,PX
PUT,JP,jp
GET,NU
PUT,NB,nb
GET,TI
GET,WT
PUT,GJ,gj
PUT,FC,fc
GET,RX
GET,QQ
PUT,BQ,bq
PUT,AW,aw
GET,ZO
PUT,AD,ad
PUT,MT,mt
PUT,HU,hu
GET,SD
PUT,QB,qb
PUT,KK,kk
GET,DG
GET,OM
GET,RT
PUT,NS,ns
GET,EC
GET,ED
GET,BO
PUT,QT,qt
GET,NU
GET,LY
PUT,CZ,cz
PUT,JX,jx
PUT,WG,wg
PUT,VY,vy
PUT,MO,mo
GET,NX
PUT,OY,oy
GET,TM
PUT,KO,ko
PUT,KR,kr
GET,YO
GET,BJ
GET,LU
GET,YT
PUT,FU,fu
PUT,RF,rf
GET,PC
PUT,BA,ba
PUT,MS,ms
GET,EP
GET,TW
PUT,EV,ev
GET,NU
PUT,GN,gn
GET,TA
GET,XF
PUT,HY,hy
GET,WC
GET,DO
PUT,ZN,zn
GET,QO
PUT,WE,we
GET,QF
PUT,SD,sd
GET,CB
GET,BO
PUT,MO,mo
PUT,HZ,hz
GET,SZ
GET,TR
PUT,EP,ep
PUT,ML,ml
PUT,VW,vw
PUT,SR,sr
PUT,GE,ge
GET,WB
PUT,BT,bt
GET,VC
GET,XD
PUT,EF,ef
PUT,EJ,ej
GET,BP
GET,RJ
PUT,EM,em
GET,SH
PUT,OW,ow
PUT,GI,gi
PUT,MM,mm
PUT,HB,hb
PUT,ML,ml
PUT,NB,nb
PUT,XZ,xz
PUT,AD,ad
PUT,EN,en
GET,MY
GET,LI
GET,UN
GET,PG
PUT,YL,yl
GET,MW
PUT,IO,io
GET,XK
PUT,NM,nm
GET,RM
GET,JY
PUT,PU,pu
GET,XL
GET,HN
GET,ZE
GET,EN
GET,BJ
PUT,DS,ds
GET,LB
PUT,GA,ga
PUT,XQ,xq
PUT,AK,ak
GET,WY
PUT,XS,xs
GET,SS
PUT,SI,si
GET,XZ
PUT,KV,kv
GET,MU
GET,NP
PUT,DP,dp
GET,JS
GET,JA
PUT,VU,vu
PUT,RV,rv
GET,HI
PUT,WQ,wq
GET,FW
PUT,HC,hc
PUT,OB,ob
PUT,CD,cd
PUT,FF,ff
PUT,MT,mt
GET,XF
PUT,XG,xg
GET,YF
PUT,RO,ro
GET,OB
GET,JZ
PUT,HR,hr
GET,FW
